atari7800,"Ace Of Aces","Artech Studios",Atari,Simulation,NA,1988,http://vgcollect.com/images/front-box-art/16823.jpg
atari7800,"Alien Brigade",NA,Atari,NA,NA,1990,http://vgcollect.com/images/front-box-art/17733.jpg
atari7800,Asteroids,"Atari, Inc",Atari,"Shoot 'Em Up",None,1987,http://vgcollect.com/images/front-box-art/17526.jpg
atari7800,"Asteroids Deluxe","Atari, Inc",AtariAge,"Shoot 'Em Up",NA,2007,http://vgcollect.com/images/front-box-art/36090.jpg
atari7800,B*nQ,NA,AtariAge,Puzzle,None,2007,http://vgcollect.com/images/front-box-art/no_art.jpg
atari7800,Ballblazer,"Lucasfilm Games",Atari,Action,None,1987,http://vgcollect.com/images/front-box-art/17527.jpg
atari7800,"Barnyard Blaster","Atari, Inc",Atari,Action,None,1988,http://vgcollect.com/images/front-box-art/18512.jpg
atari7800,Basketbrawl,"BlueSky Software",Atari,Sports,NA,1990,http://vgcollect.com/images/front-box-art/21558.jpg
atari7800,"Beef Drop",NA,AtariAge,NA,NA,2006,http://vgcollect.com/images/front-box-art/no_art.jpg
atari7800,Centipede,NA,NA,Arcade,None,1987,http://vgcollect.com/images/front-box-art/12787.jpg
atari7800,Choplifter!,"Dan Gorlin","Atari Corp.","Shoot 'Em Up",NA,1987,http://vgcollect.com/images/front-box-art/16821.jpg
atari7800,"Combat 1990",NA,AtariAge,NA,NA,2005,http://vgcollect.com/images/front-box-art/no_art.jpg
atari7800,Commando,NA,NA,NA,NA,NA,http://vgcollect.com/images/front-box-art/18271.jpg
atari7800,Crack'ed,"Robert Neve",Atari,"Shoot 'Em Up",NA,1989,http://vgcollect.com/images/front-box-art/21559.jpg
atari7800,Crossbow,NA,Atari,NA,NA,1987,http://vgcollect.com/images/front-box-art/17528.jpg
atari7800,"Dark Chambers","Sculptured Software",Atari,Adventure,NA,1989,http://vgcollect.com/images/front-box-art/21560.jpg
atari7800,"Desert Falcon","General Computer",Atari,"Shoot 'Em Up",NA,1987,http://vgcollect.com/images/front-box-art/21561.jpg
atari7800,"Dig Dug",NA,NA,NA,NA,1987,http://vgcollect.com/images/front-box-art/12789.jpg
atari7800,"Donkey Kong",NA,Atari,NA,NA,1988,http://vgcollect.com/images/front-box-art/17529.jpg
atari7800,"Donkey Kong Junior","Nintendo R&D 4",Atari,Action,None,1988,http://vgcollect.com/images/front-box-art/15369.jpg
atari7800,"Donkey Kong XM",NA,NA,Arcade,None,NA,http://vgcollect.com/images/front-box-art/no_art.jpg
atari7800,"Double Dragon",Activision,Activision,Fighting,None,1989,http://vgcollect.com/images/front-box-art/19417.jpg
atari7800,"F-18 Hornet",NA,"Absolute Entertainment, Inc.","Flight Simulator",NA,1988,http://vgcollect.com/images/front-box-art/30530.jpg
atari7800,"Fatal Run","Atari, Inc",Atari,Racing,NA,1990,http://vgcollect.com/images/front-box-art/35801.jpg
atari7800,"Fight Night","Atari, Inc",Atari,Sports,None,1988,http://vgcollect.com/images/front-box-art/18676.jpg
atari7800,"Food Fight",NA,Atari,Arcade,None,1987,http://vgcollect.com/images/front-box-art/17480.jpg
atari7800,Frenzy,NA,NA,Arcade,NA,2013,http://vgcollect.com/images/front-box-art/55053.jpg
atari7800,Galaga,NA,NA,NA,NA,NA,http://vgcollect.com/images/front-box-art/15365.jpg
atari7800,Hangly-Man,NA,PacManPlus,Puzzle,NA,2005,http://vgcollect.com/images/front-box-art/no_art.jpg
atari7800,"Hat Trick",NA,NA,NA,NA,NA,http://vgcollect.com/images/front-box-art/17992.jpg
atari7800,"Ikari Warriors",Imagineering,Atari,Arcade,NA,1990,http://vgcollect.com/images/front-box-art/21562.jpg
atari7800,"Impossible Mission","Atari, Inc",Atari,Action,None,1986,http://vgcollect.com/images/front-box-art/18675.jpg
atari7800,Jinks,Graftgold,Atari,Action,NA,1990,http://vgcollect.com/images/front-box-art/21563.jpg
atari7800,Joust,Williams,Atari,Action,None,1987,http://vgcollect.com/images/front-box-art/17481.jpg
atari7800,"Jr. Pac-Man",PacManPlus,AtariAge,NA,NA,2009,http://vgcollect.com/images/front-box-art/no_art.jpg
atari7800,Karateka,NA,NA,Action,None,1988,http://vgcollect.com/images/front-box-art/16430.jpg
atari7800,Klax,NA,AtariAge,Puzzle,NA,2002,http://vgcollect.com/images/front-box-art/no_art.jpg
atari7800,"Kung Fu Master",NA,NA,NA,NA,NA,http://vgcollect.com/images/front-box-art/no_art.jpg
atari7800,"Mario Bros.",ITDC,Atari,Arcade,NA,1988,http://vgcollect.com/images/front-box-art/21564.jpg
atari7800,"Mat Mania Challenge","BlueSky Software",Atari,Fighting,NA,1990,http://vgcollect.com/images/front-box-art/21565.jpg
atari7800,"Mean 18 Ultimate Golf",NA,NA,Sports,NA,1989,http://vgcollect.com/images/front-box-art/16822.jpg
atari7800,Meltdown,NA,Atari,NA,NA,1990,http://vgcollect.com/images/front-box-art/21566.jpg
atari7800,"Midnight Mutants","Radioactive Software",Atari,Action,None,1990,http://vgcollect.com/images/front-box-art/18510.jpg
atari7800,"Moon Cresta",NA,AtariAge,Arcade,None,2012,http://vgcollect.com/images/front-box-art/no_art.jpg
atari7800,"Motor Psycho","Atari, Inc",Atari,NA,NA,1990,http://vgcollect.com/images/front-box-art/36089.jpg
atari7800,"Ms. Pac-Man",NA,Atari,Action,None,1987,http://vgcollect.com/images/front-box-art/12788.jpg
atari7800,"Ninja Golf","Atari, Inc",Atari,Sports,None,1989,http://vgcollect.com/images/front-box-art/18514.jpg
atari7800,"One-On-One Basketball",EA,Atari,Sports,None,1987,http://vgcollect.com/images/front-box-art/16428.jpg
atari7800,"Pac-Man Collection",NA,AtariAge,Puzzle,NA,2006,http://vgcollect.com/images/front-box-art/no_art.jpg
atari7800,"Pac-Man Plus",NA,PacManPlus,Puzzle,NA,2005,http://vgcollect.com/images/front-box-art/no_art.jpg
atari7800,Pac-Pollux,NA,NA,Puzzle,NA,2006,http://vgcollect.com/images/front-box-art/no_art.jpg
atari7800,"Pete Rose Baseball",NA,NA,Sports,NA,NA,http://vgcollect.com/images/front-box-art/no_art.jpg
atari7800,"Planet Smashers",NA,NA,"Shoot 'Em Up",NA,NA,http://vgcollect.com/images/front-box-art/18077.jpg
atari7800,"Pole Position II",Namco,Atari,Racing,None,1988,http://vgcollect.com/images/front-box-art/12786.jpg
atari7800,"Pole Position II [Black and White Label]","General Computer",Atari,Racing,NA,1984,http://vgcollect.com/images/front-box-art/21567.jpg
atari7800,Rampage,NA,Activision,Classic,NA,NA,http://vgcollect.com/images/front-box-art/27908.jpg
atari7800,"Realsports Baseball",NA,Atari,NA,NA,1988,http://vgcollect.com/images/front-box-art/17530.jpg
atari7800,"Robotron: 2084","Atari, Inc",Atari,Action,None,1986,http://vgcollect.com/images/front-box-art/17007.jpg
atari7800,"Santa Simon",NA,AtariAge,NA,NA,2006,http://vgcollect.com/images/front-box-art/no_art.jpg
atari7800,"Scrapyard Dog","Atari, Inc",Atari,Action,None,1990,http://vgcollect.com/images/front-box-art/18511.jpg
atari7800,Sentinel,NA,Atari,"Shoot 'Em Up",NA,NA,http://vgcollect.com/images/front-box-art/27909.jpg
atari7800,"Space Duel",NA,AtariAge,"Shoot 'Em Up",NA,2007,http://vgcollect.com/images/front-box-art/no_art.jpg
atari7800,"Space Invaders",NA,AtariAge,"Shoot 'Em Up",NA,2008,http://vgcollect.com/images/front-box-art/no_art.jpg
atari7800,"Summer Games","Epyx, Inc.",NA,Sports,NA,1987,http://vgcollect.com/images/front-box-art/30525.jpg
atari7800,"Super Huey UH-IX","Cosmi Corporation","Atari Corporation",Simulation,NA,1988,http://vgcollect.com/images/front-box-art/16820.jpg
atari7800,"Super Pac-Man",NA,PacManPlus,NA,NA,2008,http://vgcollect.com/images/front-box-art/no_art.jpg
atari7800,"Super Skateboardin'",Imagineering,Atari,Action,NA,1988,http://vgcollect.com/images/front-box-art/21568.jpg
atari7800,"Tank Command","Froggo Games Corporation","Froggo Games Corporation",Action,None,1988,http://vgcollect.com/images/front-box-art/21670.jpg
atari7800,"The Bob DeCrescenzo Collection",NA,NA,NA,NA,NA,http://vgcollect.com/images/front-box-art/no_art.jpg
atari7800,"Title Match Pro Wrestling",NA,"Absolute Entertainment",Sports,NA,NA,http://vgcollect.com/images/front-box-art/36078.jpg
atari7800,"Tomcat - The F-14 Fighter Simulator","Absolute Entertainment",NA,"Flight Simulator",None,1989,http://vgcollect.com/images/front-box-art/16429.jpg
atari7800,"Touchdown Football",EA,Atari,Sports,None,1988,http://vgcollect.com/images/front-box-art/18509.jpg
atari7800,"Tower Toppler","Atari, Inc",Atari,Action,None,1988,http://vgcollect.com/images/front-box-art/18508.jpg
atari7800,"Water Ski","Froggo Games Corporation","Froggo Games Corporation",Other,None,1988,http://vgcollect.com/images/front-box-art/21671.jpg
atari7800,"Winter Games","Atari, Inc",Atari,Action,None,1987,http://vgcollect.com/images/front-box-art/18513.jpg
atari7800,Xenophobe,NA,Atari,NA,NA,1989,http://vgcollect.com/images/front-box-art/17531.jpg
atari7800,Xevious,NA,NA,NA,NA,NA,http://vgcollect.com/images/front-box-art/12790.jpg