intellivision,4-Tris,"Joe Zbiciak","Zbiciak Electronics",Puzzle,"ESRB - E (US / Canada)",2001,http://vgcollect.com/images/front-box-art/34083.jpg
intellivision,4-Tris,"Joe Zbiciak","Left Turn Only",Puzzle,"ESRB - E (US / Canada)",NA,http://vgcollect.com/images/front-box-art/33867.jpg
intellivision,4-Tris,"Joe Zbiciak",IntelligentVision,NA,NA,2000,http://vgcollect.com/images/front-box-art/29064.jpg
intellivision,"4-Tris - Philly Classic","Joe Zbiciak","Zbiciak Electronics",Puzzle,"ESRB - E (US / Canada)",2001,http://vgcollect.com/images/front-box-art/34082.jpg
intellivision,"ABPA Backgammon","APh Technological Consulting","Mattel Electronics",Strategy,None,1979,http://vgcollect.com/images/front-box-art/18827.jpg
intellivision,"Advanced Dungeons & Dragons","APh Technological Consulting","Mattel Electronics",RPG,None,1982,http://vgcollect.com/images/front-box-art/18008.jpg
intellivision,"Advanced Dungeons & Dragons: Cloudy Mountain","Mattel Electronics","Mattel Electronics",Adventure,NA,1982,http://vgcollect.com/images/front-box-art/41912.jpg
intellivision,"Advanced Dungeons & Dragons: Treasure of Tarmin",NA,"Mattel Electronics",RPG,None,1983,http://vgcollect.com/images/front-box-art/17532.jpg
intellivision,"Advanced Dungeons & Dragons: Treasure of Tarmin (white label)",NA,NA,NA,NA,NA,http://vgcollect.com/images/front-box-art/no_art.jpg
intellivision,"Adventures of Tron",IntelligentVision,IntelligentVision,Adventure,"ESRB - E (US / Canada)",2012,http://vgcollect.com/images/front-box-art/33870.jpg
intellivision,"Armor Battle",Mattel,Mattel,Action,NA,1979,http://vgcollect.com/images/front-box-art/15385.jpg
intellivision,"Armor Battle - Mattel",NA,NA,NA,NA,NA,http://vgcollect.com/images/front-box-art/no_art.jpg
intellivision,"Armor Battle - Sears",NA,NA,NA,NA,NA,http://vgcollect.com/images/front-box-art/no_art.jpg
intellivision,"Armor Battle (Sears)","Mattel Electronics",Sears,NA,NA,1979,http://vgcollect.com/images/front-box-art/29050.jpg
intellivision,Astrosmash,Mattel,Mattel,Arcade,NA,1981,http://vgcollect.com/images/front-box-art/14488.jpg
intellivision,Atlantis,NA,Imagic,Arcade,NA,1982,http://vgcollect.com/images/front-box-art/17533.jpg
intellivision,"Atlantis - International Edition",Imagic,Mattel,Arcade,NA,1982,http://vgcollect.com/images/front-box-art/41256.jpg
intellivision,"Auto Racing",Mattel,Mattel,Racing,NA,1980,http://vgcollect.com/images/front-box-art/17534.jpg
intellivision,"Auto Racing (Sears)","Mattel Electronics",Sears,Racing,NA,1979,http://vgcollect.com/images/front-box-art/29051.jpg
intellivision,"B-17 Bomber",Mattel,Mattel,Arcade,NA,1982,http://vgcollect.com/images/front-box-art/17535.jpg
intellivision,"Backgammon (Sears)","APh Technological Consulting","Sears, Roebuck and Co.",Strategy,None,1979,http://vgcollect.com/images/front-box-art/24771.jpg
intellivision,"BASIC Programming Language","Ken Smith","Mattel Electronics",NA,NA,1983,http://vgcollect.com/images/front-box-art/29079.jpg
intellivision,Basketball,NA,NA,Sports,NA,NA,http://vgcollect.com/images/front-box-art/24006.jpg
intellivision,Beamrider,NA,Activision,"Shoot 'Em Up",NA,1983,http://vgcollect.com/images/front-box-art/21832.jpg
intellivision,"Beauty & The Beast",Imagic,Imagic,Action,None,1982,http://vgcollect.com/images/front-box-art/17536.jpg
intellivision,"Beauty and the Beast",NA,NA,Action,NA,NA,http://vgcollect.com/images/front-box-art/no_art.jpg
intellivision,"Big League Baseball","APh Technological Consulting","INTV Corporation",Sports,None,1985,http://vgcollect.com/images/front-box-art/24773.jpg
intellivision,"Blockade Runner",NA,Interphase,"Shoot 'Em Up",NA,1984,http://vgcollect.com/images/front-box-art/21833.jpg
intellivision,"Body Slam: Super Pro Wrestling","Realtime Associates, Inc.","INTV Corporation",Sports,NA,1988,http://vgcollect.com/images/front-box-art/29028.jpg
intellivision,"Bomb Squad",Mattel,Mattel,Simulation,NA,1982,http://vgcollect.com/images/front-box-art/17537.jpg
intellivision,Bowling,"Mattel Electronics","INTV Corporation",Sports,None,1985,http://vgcollect.com/images/front-box-art/19816.jpg
intellivision,"Bowling - White Label",NA,NA,NA,NA,NA,http://vgcollect.com/images/front-box-art/no_art.jpg
intellivision,"Bowling (Sears)",NA,NA,Sports,None,NA,http://vgcollect.com/images/front-box-art/no_art.jpg
intellivision,Boxing,"APh Technological Consulting","Mattel Electronics",Sports,None,1980,http://vgcollect.com/images/front-box-art/17539.jpg
intellivision,"Boxing (Sears)",NA,NA,Sports,None,1982,http://vgcollect.com/images/front-box-art/no_art.jpg
intellivision,Brickout,NA,NA,NA,NA,NA,http://vgcollect.com/images/front-box-art/31395.jpg
intellivision,"Bump 'n' Jump","Technology Associates","Mattel Electronics",Racing,None,1983,http://vgcollect.com/images/front-box-art/19819.jpg
intellivision,"Burger Time",NA,NA,Arcade,NA,NA,http://vgcollect.com/images/front-box-art/51715.jpg
intellivision,Burgertime,"Data East Corporation",Mattel,Arcade,NA,1982,http://vgcollect.com/images/front-box-art/15382.jpg
intellivision,"Buzz Bombers","Mattel Electronics","Mattel Electronics",Action,None,1983,http://vgcollect.com/images/front-box-art/19821.jpg
intellivision,Carnival,NA,NA,NA,NA,NA,http://vgcollect.com/images/front-box-art/69843.jpg
intellivision,"Carnival (bird on cover)","Sega Enterprises Ltd.",Coleco,Arcade,NA,1983,http://vgcollect.com/images/front-box-art/15384.jpg
intellivision,"Carnival (not for use)",NA,NA,NA,NA,NA,http://vgcollect.com/images/front-box-art/69844.jpg
intellivision,Centipede,"Atari, Inc",Atarisoft,Arcade,None,1983,http://vgcollect.com/images/front-box-art/18831.jpg
intellivision,"Championship Tennis","Mattel Electronics","Mattel Electronics",Sports,NA,1986,http://vgcollect.com/images/front-box-art/27762.jpg
intellivision,Checkers,"APh Technological Consulting","Mattel Electronics",NA,NA,1980,http://vgcollect.com/images/front-box-art/27760.jpg
intellivision,"Checkers (Sears)","APh Technological Consulting","Sears, Roebuck and Co.",Strategy,None,1979,http://vgcollect.com/images/front-box-art/17540.jpg
intellivision,Chess,"Teletape, Inc.","INTV Corporation",Strategy,None,1985,http://vgcollect.com/images/front-box-art/24793.jpg
intellivision,"Chip Shot Super Pro Golf",NA,"INTV Corp.",Sports,NA,1987,http://vgcollect.com/images/front-box-art/21658.jpg
intellivision,Choplifter,IntelligentVision,IntelligentVision,Action,NA,"December 2012",http://vgcollect.com/images/front-box-art/37001.jpg
intellivision,"Christmas Carol vs. The Ghost of Christmas Presents","James Pujals","Left Turn Only",Arcade,"ESRB - E (US / Canada)","October 8 2012",http://vgcollect.com/images/front-box-art/33786.jpg
intellivision,Commando,"Realtime Associates, Inc.","INTV Corporation",Arcade,None,1987,http://vgcollect.com/images/front-box-art/21834.jpg
intellivision,"Congo Bongo","SEGA Corporation","SEGA Corporation",Platformer,NA,1983,http://vgcollect.com/images/front-box-art/29056.jpg
intellivision,"Conversational French","Chris Kingsley","Mattel Electronics",Edutainment,NA,1982,http://vgcollect.com/images/front-box-art/29070.jpg
intellivision,"Crosswords I",NA,"Mattel Electronics",Puzzle,NA,1982,http://vgcollect.com/images/front-box-art/29071.jpg
intellivision,"Crosswords II",NA,"Mattel Electronics",Puzzle,NA,1982,http://vgcollect.com/images/front-box-art/29072.jpg
intellivision,"Crosswords III",NA,"Mattel Electronics",Puzzle,NA,1982,http://vgcollect.com/images/front-box-art/29073.jpg
intellivision,"D2K ARCADE","Carl Mueller Jr.",Elektronite,Arcade,"ESRB - E (US / Canada)",2012,http://vgcollect.com/images/front-box-art/33871.jpg
intellivision,"Deep Pockets Super Pro Pool & Billiards","INTV Corporation",IntelligentVision,Party,"ESRB - E (US / Canada)","November 21 2012",http://vgcollect.com/images/front-box-art/35302.jpg
intellivision,Defender,"Atari, Inc",Atarisoft,"Shoot 'Em Up",None,1983,http://vgcollect.com/images/front-box-art/23865.jpg
intellivision,"Demon Attack",NA,Imagic,"Shoot 'Em Up",NA,1982,http://vgcollect.com/images/front-box-art/17541.jpg
intellivision,"Demonstration Cartridge 1978",NA,"Mattel Electronics",NA,NA,1978,http://vgcollect.com/images/front-box-art/29074.jpg
intellivision,"Demonstration Cartridge 1978 Revised",NA,"Mattel Electronics",NA,NA,1978,http://vgcollect.com/images/front-box-art/29075.jpg
intellivision,"Demonstration Cartridge 1983",NA,"Mattel Electronics",NA,NA,1983,http://vgcollect.com/images/front-box-art/29077.jpg
intellivision,"Demonstration Cartridge 1983 International",NA,"Mattel Electronics",NA,NA,1983,http://vgcollect.com/images/front-box-art/29078.jpg
intellivision,"Dig Dug",NA,NA,NA,NA,NA,http://vgcollect.com/images/front-box-art/27761.jpg
intellivision,Diner,"Realtime Associates, Inc.","INTV Corporation",Action,NA,"December 31 1987",http://vgcollect.com/images/front-box-art/24587.jpg
intellivision,"DK Arcade","Carl Mueller Jr.",Elektronite,Arcade,"ESRB - E (US / Canada)",2011,http://vgcollect.com/images/front-box-art/35390.jpg
intellivision,"Donkey Kong (Black Cartridge)",Coleco,Coleco,Arcade,NA,1982,http://vgcollect.com/images/front-box-art/27516.jpg
intellivision,"Donkey Kong (Tan Cartridge)",Nintendo,Coleco,Arcade,NA,1982,http://vgcollect.com/images/front-box-art/15386.jpg
intellivision,"Donkey Kong Arcade","Carl Mueller Jr.",IntelligentVision,Arcade,None,2011,http://vgcollect.com/images/front-box-art/34026.jpg
intellivision,"Donkey Kong Junior",Nintendo,Coleco,NA,NA,NA,http://vgcollect.com/images/front-box-art/27766.jpg
intellivision,Dracula,NA,Imagic,Action,NA,1983,http://vgcollect.com/images/front-box-art/18826.jpg
intellivision,Dragonfire,NA,Imagic,NA,NA,1983,http://vgcollect.com/images/front-box-art/17542.jpg
intellivision,Draughts,"Mattel Electronics","Mattel Electronics",Strategy,NA,1979,http://vgcollect.com/images/front-box-art/33840.jpg
intellivision,"Dreadnaught Factor, The",NA,Activision,"Shoot 'Em Up",NA,1983,http://vgcollect.com/images/front-box-art/27763.jpg
intellivision,"Electric Company Math Fun, The",NA,Mattel,Edutainment,NA,1984,http://vgcollect.com/images/front-box-art/21842.jpg
intellivision,"Electric Company Word Fun, The","APh Technological Consulting","Mattel Electronics",Edutainment,None,1980,http://vgcollect.com/images/front-box-art/17567.jpg
intellivision,"Family Budgeting",NA,"Mattel Electronics",NA,NA,1982,http://vgcollect.com/images/front-box-art/29080.jpg
intellivision,Fathom,NA,Imagic,NA,NA,NA,http://vgcollect.com/images/front-box-art/27765.jpg
intellivision,"Flintstones Keyboard Fun",IntelligentVision,IntelligentVision,Edutainment,"ESRB - E (US / Canada)",2012,http://vgcollect.com/images/front-box-art/34034.jpg
intellivision,Football,NA,NA,Sports,NA,1986,http://vgcollect.com/images/front-box-art/17588.jpg
intellivision,"Frog Bog",NA,Mattel,Action,NA,1982,http://vgcollect.com/images/front-box-art/14487.jpg
intellivision,Frogger,NA,"Parker Brothers",Arcade,NA,1983,http://vgcollect.com/images/front-box-art/15392.jpg
intellivision,"Geography Challenge","Don Daglow","Mattel Electronics",NA,NA,1982,http://vgcollect.com/images/front-box-art/29081.jpg
intellivision,Golf,NA,Mattel,Sports,NA,1980,http://vgcollect.com/images/front-box-art/17543.jpg
intellivision,"Golf (Sears)",NA,NA,NA,NA,NA,http://vgcollect.com/images/front-box-art/31322.jpg
intellivision,"Happy Trails",NA,Activision,Puzzle,NA,1983,http://vgcollect.com/images/front-box-art/28593.jpg
intellivision,Hockey,"Mattel Electronics",Sears,Sports,NA,1979,http://vgcollect.com/images/front-box-art/29048.jpg
intellivision,"Horse Racing","APh Technological Consulting","Mattel Electronics",Sports,None,1979,http://vgcollect.com/images/front-box-art/17544.jpg
intellivision,"Hover Force","Realtime Associates, Inc.","INTV Corporation","Shoot 'Em Up",NA,1986,http://vgcollect.com/images/front-box-art/24008.jpg
intellivision,"Ice Trek",NA,Imagic,Action,NA,1983,http://vgcollect.com/images/front-box-art/21835.jpg
intellivision,Illusions,IntelligentVision,IntelligentVision,Arcade,"ESRB - E (US / Canada)",2012,http://vgcollect.com/images/front-box-art/34035.jpg
intellivision,"Jack LaLanne's Physical Conditioning","Hal Finney","Mattel Electronics",NA,NA,1982,http://vgcollect.com/images/front-box-art/29082.jpg
intellivision,"Jetsons' Ways With Words, The","Josh Jeffe/Donna Fisher",Mattel,Edutainment,NA,1983,http://vgcollect.com/images/front-box-art/21836.jpg
intellivision,"King of the Mountain",IntelligentVision,IntelligentVision,Action,"ESRB - E (US / Canada)",2012,http://vgcollect.com/images/front-box-art/34036.jpg
intellivision,"Kool-Aid Man",NA,Mattel,Action,NA,1983,http://vgcollect.com/images/front-box-art/21837.jpg
intellivision,Ladybug,NA,Coleco,Arcade,NA,1983,http://vgcollect.com/images/front-box-art/21838.jpg
intellivision,"Las Vegas Poker & Blackjack","APh Technological Consulting","Mattel Electronics",Other,None,1979,http://vgcollect.com/images/front-box-art/15390.jpg
intellivision,"Las Vegas Poker & Blackjack (Sears)","APh Technological Consulting","Sears, Roebuck and Co.",Other,None,1980,http://vgcollect.com/images/front-box-art/15391.jpg
intellivision,"Las Vegas Roulette","APh Technological Consulting","Mattel Electronics",Other,None,1980,http://vgcollect.com/images/front-box-art/24776.jpg
intellivision,"Las Vegas Roulette (Sears)","APh Technological Consulting","Sears, Roebuck and Co.",Other,None,1980,http://vgcollect.com/images/front-box-art/17545.jpg
intellivision,"League of Light",NA,NA,Action,"ESRB - E (US / Canada)",NA,http://vgcollect.com/images/front-box-art/34037.jpg
intellivision,"Learning Fun I",NA,"INTV Corporation",Edutainment,NA,1987,http://vgcollect.com/images/front-box-art/29029.jpg
intellivision,"Learning Fun II",NA,"INTV Corporation",Edutainment,NA,1987,http://vgcollect.com/images/front-box-art/29030.jpg
intellivision,"Lock 'N' Chase - Red Label Edition","Data East Corporation",Mattel,Arcade,None,1981,http://vgcollect.com/images/front-box-art/15389.jpg
intellivision,"Lock 'N' Chase - White Label Edition","Data East Corporation",Taito,Arcade,NA,1981,http://vgcollect.com/images/front-box-art/38294.jpg
intellivision,"Loco Motion","Konami Industry Co. Ltd",Mattel,Puzzle,NA,1981,http://vgcollect.com/images/front-box-art/17546.jpg
intellivision,Loco-Motion,Konami,Centuri/Konami,Puzzle,NA,1982,http://vgcollect.com/images/front-box-art/41913.jpg
intellivision,"Major League Baseball","APh Technological Consulting","Mattel Electronics",Sports,None,1980,http://vgcollect.com/images/front-box-art/17547.jpg
intellivision,"Major League Baseball (Baseball cart)",NA,NA,Sports,None,1980,http://vgcollect.com/images/front-box-art/no_art.jpg
intellivision,"Mars Mini Games",NA,NA,Action,NA,NA,http://vgcollect.com/images/front-box-art/no_art.jpg
intellivision,"Masters of the Universe: The Power of He-Man",NA,Mattel,Action,NA,1983,http://vgcollect.com/images/front-box-art/19801.jpg
intellivision,"Match 5",NA,Elektronite,Puzzle,"ESRB - E (US / Canada)",2013,http://vgcollect.com/images/front-box-art/35613.jpg
intellivision,"Math Fun (white label)",NA,NA,Edutainment,NA,NA,http://vgcollect.com/images/front-box-art/63721.jpg
intellivision,"Melody Blaster",NA,Mattel,Edutainment,NA,1983,http://vgcollect.com/images/front-box-art/21843.jpg
intellivision,Microsurgeon,NA,Imagic,Other,NA,1982,http://vgcollect.com/images/front-box-art/17548.jpg
intellivision,"Mind Strike",NA,"Mattel Electronics",Puzzle,NA,1982,http://vgcollect.com/images/front-box-art/29002.jpg
intellivision,MineHunter,"Ryan Kinnen",IntelligentVision,NA,NA,2004,http://vgcollect.com/images/front-box-art/29066.jpg
intellivision,Minehunter,"Ryan Kinnen",Elektronite,Puzzle,"ESRB - E (US / Canada)","October 2012",http://vgcollect.com/images/front-box-art/34024.jpg
intellivision,"Mission X","Data East Corporation",Mattel,"Shoot 'Em Up",None,1982,http://vgcollect.com/images/front-box-art/17549.jpg
intellivision,Motocross,NA,"INTV Corporation",Racing,NA,1983,http://vgcollect.com/images/front-box-art/21844.jpg
intellivision,"Mountain Madness Super Pro Skiing","Realtime Associates, Inc.","INTV Corporation",Sports,NA,1988,http://vgcollect.com/images/front-box-art/29031.jpg
intellivision,"Mouse Trap",NA,Coleco,Arcade,NA,1982,http://vgcollect.com/images/front-box-art/21845.jpg
intellivision,"Mr. Basic Meets Bits 'N Bytes","Mattel Electronics","Mattel Electronics",Edutainment,None,1983,http://vgcollect.com/images/front-box-art/19053.jpg
intellivision,"NASL Soccer",NA,"Mattel Electronics",Sports,None,1980,http://vgcollect.com/images/front-box-art/17728.jpg
intellivision,"NBA Basketball",NA,"Mattel Electronics",Sports,None,1979,http://vgcollect.com/images/front-box-art/17589.jpg
intellivision,"NFL Football","APh Technological Consulting","Mattel Electronics",Sports,None,1980,http://vgcollect.com/images/front-box-art/17550.jpg
intellivision,"NHL Hockey",NA,"Mattel Electronics",Sports,NA,1980,http://vgcollect.com/images/front-box-art/17551.jpg
intellivision,"Night Stalker",NA,"Mattel Electronics",Action,None,1982,http://vgcollect.com/images/front-box-art/17552.jpg
intellivision,"Night Stalker (Sears)",NA,NA,Action,None,NA,http://vgcollect.com/images/front-box-art/47030.jpg
intellivision,"Nova Blast",NA,Imagic,NA,NA,NA,http://vgcollect.com/images/front-box-art/17553.jpg
intellivision,"Old School",NA,NA,Action,NA,NA,http://vgcollect.com/images/front-box-art/58234.jpg
intellivision,Pac-Man,NA,"INTV Corporation",Arcade,NA,NA,http://vgcollect.com/images/front-box-art/29032.jpg
intellivision,"Pac-Man (Atarisoft)",NA,Atarisoft,Arcade,NA,1983,http://vgcollect.com/images/front-box-art/21846.jpg
intellivision,"PBA Bowling","Mattel Electronics","Mattel Electronics",Sports,None,1980,http://vgcollect.com/images/front-box-art/17538.jpg
intellivision,"PGA Golf",NA,"Mattel Electronics",Sports,None,1980,http://vgcollect.com/images/front-box-art/21847.jpg
intellivision,Pinball,NA,"Mattel Electronics",Simulation,NA,1983,http://vgcollect.com/images/front-box-art/18820.jpg
intellivision,Pitfall!,Activision,Activision,Platformer,NA,1982,http://vgcollect.com/images/front-box-art/15387.jpg
intellivision,"Pole Position","Realtime Associates, Inc.","INTV Corporation",Racing,NA,1988,http://vgcollect.com/images/front-box-art/29033.jpg
intellivision,Popeye,"Parker Brothers","Mattel Inc.",Arcade,NA,1983,http://vgcollect.com/images/front-box-art/18830.jpg
intellivision,Q*bert,NA,"Parker Brothers",Arcade,NA,1983,http://vgcollect.com/images/front-box-art/15393.jpg
intellivision,Reversi,NA,"Mattel Electronics",Classic,NA,1981,http://vgcollect.com/images/front-box-art/17554.jpg
intellivision,"River Raid",NA,Activision,"Shoot 'Em Up",NA,1983,http://vgcollect.com/images/front-box-art/21848.jpg
intellivision,"Robot Rubble",NA,NA,Arcade,"ESRB - E (US / Canada)",NA,http://vgcollect.com/images/front-box-art/34039.jpg
intellivision,Rocketeer,NA,NA,Platformer,NA,NA,http://vgcollect.com/images/front-box-art/no_art.jpg
intellivision,"Rocky & Bullwinkle",NA,NA,Edutainment,"ESRB - E (US / Canada)",2012,http://vgcollect.com/images/front-box-art/34040.jpg
intellivision,"Royal Dealer",NA,"Mattel Electronics",Simulation,NA,1982,http://vgcollect.com/images/front-box-art/17555.jpg
intellivision,"Royal Dealer (White label)",NA,"Mattel Electronics",Simulation,NA,1982,http://vgcollect.com/images/front-box-art/no_art.jpg
intellivision,Safecracker,NA,Imagic,Puzzle,NA,1983,http://vgcollect.com/images/front-box-art/18825.jpg
intellivision,"Same Game & Robots","Michael Hayes, David Harley",IntelligentVision,NA,NA,2005,http://vgcollect.com/images/front-box-art/29067.jpg
intellivision,"Same Game & Robots 2012","Michael Hayes, David Harley",IntelligentVision,Puzzle,"ESRB - E (US / Canada)",2012,http://vgcollect.com/images/front-box-art/34046.jpg
intellivision,Scarfinger,IntelligentVision,IntelligentVision,Action,"ESRB - E (US / Canada)","November 21 2012",http://vgcollect.com/images/front-box-art/35301.jpg
intellivision,"Scooby Doo's Maze Chase","Mattel Electronics","Mattel Electronics",Action,NA,1983,http://vgcollect.com/images/front-box-art/29026.jpg
intellivision,"Sea Battle","APh Technological Consulting","Mattel Electronics",Strategy,None,1980,http://vgcollect.com/images/front-box-art/24777.jpg
intellivision,"Sea Battle (Sears)","APh Technological Consulting","Sears, Roebuck and Co.",Strategy,None,1980,http://vgcollect.com/images/front-box-art/18828.jpg
intellivision,"Sewer Sam","Interphase Technologies Inc.","Interphase Technologies Inc.",Action,None,1983,http://vgcollect.com/images/front-box-art/19108.jpg
intellivision,"Shark! Shark!",NA,"Mattel Electronics",Action,NA,1982,http://vgcollect.com/images/front-box-art/17556.jpg
intellivision,"Sharp Shot",NA,"Mattel Electronics","Shoot 'Em Up",NA,1982,http://vgcollect.com/images/front-box-art/18818.jpg
intellivision,Skiing,Mattel,Mattel,Sports,None,1980,http://vgcollect.com/images/front-box-art/32040.jpg
intellivision,"Skiing (Sears)","APh Technological Consulting","Sears, Roebuck and Co.",Sports,None,1980,http://vgcollect.com/images/front-box-art/14486.jpg
intellivision,"Slam Dunk Super Pro Basketball","Realtime Associates, Inc.","INTV Corporation",Sports,NA,1987,http://vgcollect.com/images/front-box-art/18821.jpg
intellivision,"Slap Shot Super Pro Hockey","Realtime Associates, Inc.","INTV Corporation",Sports,NA,1987,http://vgcollect.com/images/front-box-art/27764.jpg
intellivision,SNAFU,NA,"Mattel Electronics",Action,None,1981,http://vgcollect.com/images/front-box-art/18819.jpg
intellivision,Soccer,NA,NA,NA,NA,NA,http://vgcollect.com/images/front-box-art/31391.jpg
intellivision,"Space Amarda (red box)","Mattel Electronics","Mattel Electronics",Action,NA,1981,http://vgcollect.com/images/front-box-art/35633.jpg
intellivision,"Space Armada",NA,"Mattel Electronics","Shoot 'Em Up",NA,1981,http://vgcollect.com/images/front-box-art/15388.jpg
intellivision,"Space Battle - (Blue Boxart)",Mattel,Mattel,"Shoot 'Em Up",None,1979,http://vgcollect.com/images/front-box-art/17557.jpg
intellivision,"Space Battle - (Red Boxart)",Mattel,Mattel,"Shoot 'Em Up",None,1979,http://vgcollect.com/images/front-box-art/32045.jpg
intellivision,"Space Battle (Sears)",NA,NA,NA,NA,NA,http://vgcollect.com/images/front-box-art/39949.jpg
intellivision,"Space Hawk",NA,"Mattel Electronics",Action,NA,1981,http://vgcollect.com/images/front-box-art/14485.jpg
intellivision,"Space Hawk (Sears)","Mattel Electronics",Sears,NA,NA,1981,http://vgcollect.com/images/front-box-art/29052.jpg
intellivision,"Space Patrol","Joe Zbiciak","Left Turn Only",Platformer,"ESRB - E (US / Canada)",2008,http://vgcollect.com/images/front-box-art/29068.jpg
intellivision,"Space Spartans",Mattel,Mattel,Other,NA,1982,http://vgcollect.com/images/front-box-art/17558.jpg
intellivision,"Spelling Challenge",NA,"Mattel Electronics",Edutainment,NA,1982,http://vgcollect.com/images/front-box-art/29069.jpg
intellivision,"Spiker! Super Pro Volleyball","Realtime Associates, Inc.","INTV Corporation",Sports,NA,1989,http://vgcollect.com/images/front-box-art/29034.jpg
intellivision,"Spina the Bee",IntelligentVision,IntelligentVision,Arcade,"ESRB - E (US / Canada)",2012,http://vgcollect.com/images/front-box-art/33898.jpg
intellivision,"Stadium Mud Buggies","Realtime Associates, Inc.","INTV Corporation",NA,NA,1989,http://vgcollect.com/images/front-box-art/29035.jpg
intellivision,Stampede,NA,Activision,Action,NA,1982,http://vgcollect.com/images/front-box-art/18824.jpg
intellivision,"Star Strike",Mattel,Mattel,Other,NA,1981,http://vgcollect.com/images/front-box-art/17559.jpg
intellivision,"Star Wars: The Empire Strikes Back",NA,"Parker Brothers",Action,NA,1983,http://vgcollect.com/images/front-box-art/21851.jpg
intellivision,Stonix,"Arnauld Chevallier",IntelligentVision,NA,NA,2004,http://vgcollect.com/images/front-box-art/29065.jpg
intellivision,"Sub Hunt","APh Technological Consulting","Mattel Electronics",Simulation,None,1982,http://vgcollect.com/images/front-box-art/17560.jpg
intellivision,"Sub Hunt (Sears)","APh Technological Consulting","Sears, Roebuck and Co.",Simulation,None,1982,http://vgcollect.com/images/front-box-art/24778.jpg
intellivision,"Super Chef BurgerTime",NA,NA,Arcade,NA,NA,http://vgcollect.com/images/front-box-art/48282.jpg
intellivision,"Super Cobra","Konami Industry Co. Ltd","Parker Brothers",Action,NA,1983,http://vgcollect.com/images/front-box-art/29045.jpg
intellivision,"Super NFL Football",IntelligentVision,IntelligentVision,Sports,"ESRB - E (US / Canada)",2012,http://vgcollect.com/images/front-box-art/34042.jpg
intellivision,"Super Pro Decathalon","Realtime Associates, Inc.","INTV Corporation",Sports,NA,1988,http://vgcollect.com/images/front-box-art/29036.jpg
intellivision,"Super Pro Football","Realtime Associates, Inc.","INTV Corporation",Sports,NA,1986,http://vgcollect.com/images/front-box-art/23864.jpg
intellivision,"Super Pro Tennis",NA,NA,Sports,NA,NA,http://vgcollect.com/images/front-box-art/48281.jpg
intellivision,"Swords & Serpents",Imagic,Imagic,RPG,NA,1982,http://vgcollect.com/images/front-box-art/18999.jpg
intellivision,"Sydney Hunter and the Shrines of Peril",NA,NA,Adventure,None,NA,http://vgcollect.com/images/front-box-art/71886.jpg
intellivision,Tennis,NA,NA,Sports,NA,NA,http://vgcollect.com/images/front-box-art/37413.jpg
intellivision,Tennis,NA,"Mattel Electronics",Sports,None,1980,http://vgcollect.com/images/front-box-art/17561.jpg
intellivision,"Tennis (Sears)","Mattel Electronics",Sears,Sports,NA,1980,http://vgcollect.com/images/front-box-art/29054.jpg
intellivision,"Test Cartridge IMI-v10",NA,"Mattel Electronics",NA,NA,NA,http://vgcollect.com/images/front-box-art/no_art.jpg
intellivision,"Test Cartridge MTE-201",NA,NA,Other,NA,NA,http://vgcollect.com/images/front-box-art/24364.jpg
intellivision,"Thin Ice","Quicksilver Software Inc.","INTV Corporation",Action,None,1986,http://vgcollect.com/images/front-box-art/18822.jpg
intellivision,"Thunder Castle","Quicksilver Software Inc.","Mattel Electronics",Action,NA,1986,http://vgcollect.com/images/front-box-art/18823.jpg
intellivision,"Tower of Doom","Realtime Associates, Inc.","INTV Corporation",Action,None,1987,http://vgcollect.com/images/front-box-art/24779.jpg
intellivision,"Triple Action",NA,"Mattel Electronics",Action,None,1981,http://vgcollect.com/images/front-box-art/15383.jpg
intellivision,"Triple Challenge","Realtime Associates, Inc.","INTV Corporation",NA,NA,1987,http://vgcollect.com/images/front-box-art/29039.jpg
intellivision,"Tron Deadly Discs","Mattel Electronics","Mattel Electronics",Action,None,1982,http://vgcollect.com/images/front-box-art/19109.jpg
intellivision,"TRON: Maze-A-Tron",NA,"Mattel Electronics",Action,NA,1982,http://vgcollect.com/images/front-box-art/17563.jpg
intellivision,"TRON: Solar Sailer",NA,"Mattel Electronics",Action,NA,1982,http://vgcollect.com/images/front-box-art/17564.jpg
intellivision,"Tropical Trouble",NA,Imagic,NA,NA,1983,http://vgcollect.com/images/front-box-art/27767.jpg
intellivision,Truckin',Imagic,Imagic,Simulation,None,1983,http://vgcollect.com/images/front-box-art/20990.jpg
intellivision,Turbo,NA,Coleco,Racing,NA,NA,http://vgcollect.com/images/front-box-art/29042.jpg
intellivision,Tutankham,"Konami Industry Co. Ltd","Parker Brothers",Action,NA,1983,http://vgcollect.com/images/front-box-art/29046.jpg
intellivision,"U.S. Ski Team Skiing",NA,"Mattel Electronics",Sports,None,1980,http://vgcollect.com/images/front-box-art/21854.jpg
intellivision,"USCF Chess","Teletape, Inc.","Mattel Electronics",Strategy,None,1983,http://vgcollect.com/images/front-box-art/24792.jpg
intellivision,Utopia,NA,"Mattel Electronics",Strategy,NA,1981,http://vgcollect.com/images/front-box-art/17565.jpg
intellivision,"Utopia (Sears)","Mattel Electronics",Sears,NA,NA,1981,http://vgcollect.com/images/front-box-art/29055.jpg
intellivision,Vectron,NA,"Mattel Electronics",Action,NA,1982,http://vgcollect.com/images/front-box-art/17566.jpg
intellivision,"Vectron [EU]",NA,NA,Arcade,None,1982,http://vgcollect.com/images/front-box-art/67928.jpg
intellivision,Venture,Exidy,Coleco,Arcade,NA,1982,http://vgcollect.com/images/front-box-art/18998.jpg
intellivision,"White Water!",Imagic,Imagic,Action,NA,1983,http://vgcollect.com/images/front-box-art/19000.jpg
intellivision,"World Championship Baseball",Mattel,INTV,Sports,NA,1982,http://vgcollect.com/images/front-box-art/17568.jpg
intellivision,"World Cup Soccer","Nice Ideas","INTV Corporation",Sports,NA,1986,http://vgcollect.com/images/front-box-art/29040.jpg
intellivision,"World Series Major League Baseball","Mattel Electronics","Mattel Electronics",Sports,NA,1983,http://vgcollect.com/images/front-box-art/29027.jpg
intellivision,"Worm Whomper","Cheshire Engineering",Activision,"Shoot 'Em Up",NA,1983,http://vgcollect.com/images/front-box-art/28594.jpg
intellivision,"Yogi's Frustration",IntelligentVision,IntelligentVision,Arcade,"ESRB - E (US / Canada)",2012,http://vgcollect.com/images/front-box-art/34043.jpg
intellivision,Zaxxon,"Sega Enterprises Ltd.",Coleco,Action,NA,1983,http://vgcollect.com/images/front-box-art/29044.jpg