segasaturn,"3 Free Games With Purchase of Sega Saturn",NA,NA,Other,NA,"November 27 1996",http://vgcollect.com/images/front-box-art/66865.jpg
segasaturn,"3D Baseball","Crystal Dynamics Inc.","Crystal Dynamics",Sports,"ESRB - K-A (US / Canada)","November 30 1996",http://vgcollect.com/images/front-box-art/7905.jpg
segasaturn,"Albert Odyssey: Legend of Eldean",NA,NA,RPG,NA,NA,http://vgcollect.com/images/front-box-art/50682.jpg
segasaturn,"Albert Odyssey: Legend of Eldean (Group Disc Art)",Sunsoft,"Working Designs",RPG,"ESRB - K-A (US / Canada)","July 24 1997",http://vgcollect.com/images/front-box-art/7906.jpg
segasaturn,"Albert Odyssey: Legend of Eldean (Gryzz Disc Art)",Sunsoft,"Working Designs",RPG,"ESRB - K-A (US / Canada)","July 24 1997",http://vgcollect.com/images/front-box-art/16044.jpg
segasaturn,"Alien Trilogy","Probe Entertainment",Acclaim,"First-person Shooter","ESRB - M (US / Canada)","July 31 1996",http://vgcollect.com/images/front-box-art/7907.jpg
segasaturn,"All-Star Baseball '97: Featuring Frank Thomas",NA,Acclaim,Sports,"ESRB - K-A (US / Canada)",1997,http://vgcollect.com/images/front-box-art/7908.jpg
segasaturn,"Alone in the Dark: One Eyed Jack's Revenge",I*Motion,"Kokopeli Digital Studios","Survival Horror","ESRB - T (US / Canada)",1996,http://vgcollect.com/images/front-box-art/7909.jpg
segasaturn,AMOK,Lemon,"Scavenger, Inc.",Action,"ESRB - T (US / Canada)","January 20 1997",http://vgcollect.com/images/front-box-art/7910.jpg
segasaturn,"Andretti Racing","Press Start, Inc.","EA Sports",Racing,"ESRB - K-A (US / Canada)",NA,http://vgcollect.com/images/front-box-art/7911.jpg
segasaturn,"Arcade's Greatest Hits: The Atari Collection 1",NA,NA,NA,NA,NA,http://vgcollect.com/images/front-box-art/7913.jpg
segasaturn,"Area 51",NA,NA,"Shoot 'Em Up",NA,NA,http://vgcollect.com/images/front-box-art/7914.jpg
segasaturn,Astal,NA,NA,Platformer,"ESRB - K-A (US / Canada)","April 27 1995",http://vgcollect.com/images/front-box-art/7915.jpg
segasaturn,"Baku Baku",Sega,Sega,Puzzle,"ESRB - K-A (US / Canada)",1996,http://vgcollect.com/images/front-box-art/7916.jpg
segasaturn,"Bases Loaded '96: Double Header",NA,NA,NA,NA,NA,http://vgcollect.com/images/front-box-art/7917.jpg
segasaturn,"Batman Forever: The Arcade Game",NA,NA,NA,NA,NA,http://vgcollect.com/images/front-box-art/7918.jpg
segasaturn,"Battle Arena Toshinden Remix",NA,NA,NA,"ESRB - T (US / Canada)",NA,http://vgcollect.com/images/front-box-art/7919.jpg
segasaturn,"Battle Arena Toshinden URA: Ultimate Revenge Attack",NA,NA,NA,NA,NA,http://vgcollect.com/images/front-box-art/7920.jpg
segasaturn,"Battle Monsters",Scarab,Acclaim,Fighting,"ESRB - T (US / Canada)","September 30 1996",http://vgcollect.com/images/front-box-art/7921.jpg
segasaturn,"Battle Stations",NA,NA,NA,NA,NA,http://vgcollect.com/images/front-box-art/7922.jpg
segasaturn,BattleSport,NA,NA,NA,NA,NA,http://vgcollect.com/images/front-box-art/7923.jpg
segasaturn,"Black Dawn",NA,NA,NA,NA,NA,http://vgcollect.com/images/front-box-art/7924.jpg
segasaturn,"Black Fire",Sega,Sega,Action,"ESRB - K-A (US / Canada)","December 22 1995",http://vgcollect.com/images/front-box-art/7925.jpg
segasaturn,"Blast Chamber","Attention To Detail Limited",Activision,Action,"ESRB - T (US / Canada)","December 31 1996",http://vgcollect.com/images/front-box-art/7926.jpg
segasaturn,"Blazing Dragons","Illusions Gaming Company","Crystal Dynamics",Adventure,"ESRB - K-A (US / Canada)","October 31 1996",http://vgcollect.com/images/front-box-art/7927.jpg
segasaturn,"Blazing Heroes",NA,NA,NA,NA,NA,http://vgcollect.com/images/front-box-art/7928.jpg
segasaturn,"Bottom of the 9th","Konami Computer Entertainment Japan",Konami,Sports,"ESRB - K-A (US / Canada)","November 30 1996",http://vgcollect.com/images/front-box-art/7929.jpg
segasaturn,"Brain Dead 13",ReadySoft,ReadySoft,Other,NA,NA,http://vgcollect.com/images/front-box-art/7930.jpg
segasaturn,"Break Point Tennis",NA,Acclaim,Sports,NA,1996,http://vgcollect.com/images/front-box-art/7931.jpg
segasaturn,"Bubble Bobble also featuring Rainbow Islands","Taito America Corporation",Acclaim,Platformer,NA,1996,http://vgcollect.com/images/front-box-art/7932.jpg
segasaturn,"Bug Too!",NA,NA,NA,NA,NA,http://vgcollect.com/images/front-box-art/7933.jpg
segasaturn,Bug!,"Realtime Associates",Sega,Platformer,"ESRB - K-A (US / Canada)","May 11 1995",http://vgcollect.com/images/front-box-art/7934.jpg
segasaturn,"Burning Rangers","Sonic Team",Sega,Platformer,"ESRB - E (US / Canada)","May 31 1998",http://vgcollect.com/images/front-box-art/7935.jpg
segasaturn,"Bust-A-Move 2 Arcade Edition","Taito Corporation",Acclaim,Puzzle,"ESRB - K-A (US / Canada)",1996,http://vgcollect.com/images/front-box-art/7936.jpg
segasaturn,"Bust-A-Move 3","Taito Corporation",Natsume,Puzzle,"ESRB - K-A (US / Canada)","December 31 1997",http://vgcollect.com/images/front-box-art/7937.jpg
segasaturn,Casper,Funcom,Interplay,NA,NA,"September 30 1996",http://vgcollect.com/images/front-box-art/7938.jpg
segasaturn,"Center Ring Boxing","Victor Interactive Software","JVC Digital Studios",Sports,NA,1995,http://vgcollect.com/images/front-box-art/7939.jpg
segasaturn,"Christmas Nights",NA,NA,Platformer,NA,"December 1 1996",http://vgcollect.com/images/front-box-art/71509.jpg
segasaturn,"Clockwork Knight","Sega AM7",Sega,Platformer,"ESRB - K-A (US / Canada)","May 11 1995",http://vgcollect.com/images/front-box-art/7941.jpg
segasaturn,"Clockwork Knight 2","Sega AM7",Sega,Platformer,"ESRB - K-A (US / Canada)",1995,http://vgcollect.com/images/front-box-art/7942.jpg
segasaturn,"College Slam","Iguana Entertainment",Acclaim,Sports,"ESRB - K-A (US / Canada)",1996,http://vgcollect.com/images/front-box-art/7943.jpg
segasaturn,"Command & Conquer","Westwood Studios",Sega,Strategy,NA,"December 31 1996",http://vgcollect.com/images/front-box-art/18727.jpg
segasaturn,"Congo The Movie: The Lost City of Zinj","Jumpin' Jack Software",Sega,"First-person Shooter","ESRB - T (US / Canada)",1996,http://vgcollect.com/images/front-box-art/7945.jpg
segasaturn,"Contra: Legacy of War","Appaloosa Interactive",Konami,Action,"ESRB - T (US / Canada)",1997,http://vgcollect.com/images/front-box-art/7946.jpg
segasaturn,"Corpse Killer - Graveyard Edition","Digital Pictures",NA,"First-person Shooter","ESRB - M (US / Canada)",1995,http://vgcollect.com/images/front-box-art/7947.jpg
segasaturn,"Courier Crisis","New Level Software","GT Interactive",Racing,"ESRB - K-A (US / Canada)",1997,http://vgcollect.com/images/front-box-art/7948.jpg
segasaturn,"Creature Shock - Special Edition","Interactive Studios","Data East","First-person Shooter",NA,"December 1996",http://vgcollect.com/images/front-box-art/7949.jpg
segasaturn,Crimewave,"Eidos Interactive","Eidos Interactive",Racing,"ESRB - K-A (US / Canada)","February 28 1997",http://vgcollect.com/images/front-box-art/7950.jpg
segasaturn,Criticom,"Kronos Digital Entertainment","Vic Tokai",Fighting,"ESRB - T (US / Canada)",1997,http://vgcollect.com/images/front-box-art/7951.jpg
segasaturn,"Croc: Legend of the Gobbos","Argonaut Software Ltd.","FOX Interactive",Platformer,"ESRB - K-A (US / Canada)",1997,http://vgcollect.com/images/front-box-art/7952.jpg
segasaturn,"Crow, The: City of Angels","Gray Matter Interactive",Acclaim,"Beat 'Em Up","ESRB - M (US / Canada)","March 12 1997",http://vgcollect.com/images/front-box-art/8115.jpg
segasaturn,"Crusader: No Remorse",NA,NA,NA,NA,NA,http://vgcollect.com/images/front-box-art/7953.jpg
segasaturn,"Crypt Killer",NA,NA,NA,NA,NA,http://vgcollect.com/images/front-box-art/7954.jpg
segasaturn,"Cyber Speedway",NexTech,Sega,Racing,"ESRB - K-A (US / Canada)",1995,http://vgcollect.com/images/front-box-art/7955.jpg
segasaturn,Cyberia,"Xatrix Entertainment",Interplay,Adventure,"ESRB - T (US / Canada)",1995,http://vgcollect.com/images/front-box-art/7956.jpg
segasaturn,D,Warp,"Acclaim Entertainment, Inc.","Survival Horror","ESRB - T (US / Canada)",1996,http://vgcollect.com/images/front-box-art/7957.jpg
segasaturn,D,NA,NA,"Survival Horror","ESRB - T (US / Canada)",1996,http://vgcollect.com/images/front-box-art/61176.jpg
segasaturn,"Darius Gaiden",Taito,Acclaim,"Shoot 'Em Up","ESRB - K-A (US / Canada)",1994,http://vgcollect.com/images/front-box-art/7958.jpg
segasaturn,"Dark Legend","Data East Corporation","Data East",Fighting,"ESRB - T (US / Canada)",1995,http://vgcollect.com/images/front-box-art/7959.jpg
segasaturn,"Dark Savior","Climax Entertainment",Sega,RPG,"ESRB - K-A (US / Canada)","November 30 1996",http://vgcollect.com/images/front-box-art/7960.jpg
segasaturn,"Darklight Conflict","Rage Software","Electronic Arts","Shoot 'Em Up","ESRB - K-A (US / Canada)","July 1997",http://vgcollect.com/images/front-box-art/7961.jpg
segasaturn,"Daytona USA","Sega AM2","Sega Sports",Racing,"ESRB - K-A (US / Canada)","May 1995",http://vgcollect.com/images/front-box-art/7962.jpg
segasaturn,"Daytona USA (Not For Resale)","Sega AM2",Sega,Racing,"ESRB - K-A (US / Canada)","May 11 1995",http://vgcollect.com/images/front-box-art/37168.jpg
segasaturn,"Daytona USA Championship Circuit Edition","Sega AM2",Sega,Racing,"ESRB - K-A (US / Canada)","November 25 1996",http://vgcollect.com/images/front-box-art/7964.jpg
segasaturn,"Daytona USA Championship Circuit Edition - Net Link Edition",Sega,Sega,NA,"ESRB - K-A (US / Canada)",1998,http://vgcollect.com/images/front-box-art/7963.jpg
segasaturn,"Daytona USA/ Virtua Cop/ Virtua Fighter 2 - 3 Game Bundle","Sega AM2",Sega,NA,"ESRB - T (US / Canada)",1997,http://vgcollect.com/images/front-box-art/15182.jpg
segasaturn,Decathlete,Sega,Sega,Sports,NA,1996,http://vgcollect.com/images/front-box-art/7965.jpg
segasaturn,"Defcon 5",NA,NA,NA,NA,NA,http://vgcollect.com/images/front-box-art/7966.jpg
segasaturn,"Die Hard Arcade","Sega AM1","FOX Interactive","Beat 'Em Up","ESRB - T (US / Canada)","April 8 1997",http://vgcollect.com/images/front-box-art/7967.jpg
segasaturn,"Die Hard Trilogy","Probe Entertainment","FOX Interactive",Action,"ESRB - M (US / Canada)","December 31 1996",http://vgcollect.com/images/front-box-art/7968.jpg
segasaturn,Doom,"Rage Software","GT Interactive","First-person Shooter","ESRB - M (US / Canada)","May 26 1997",http://vgcollect.com/images/front-box-art/7969.jpg
segasaturn,"Double Switch","Digital Pictures",NA,Other,"ESRB - T (US / Canada)",1995,http://vgcollect.com/images/front-box-art/7970.jpg
segasaturn,"Dragon Force (Astea Disc Art)","Sega Enterprises Ltd.","Working Designs",Strategy,"ESRB - K-A (US / Canada)","March 29 1996",http://vgcollect.com/images/front-box-art/16043.jpg
segasaturn,"Dragon Force (Group Disc Art)","Sega Enterprises Ltd.","Working Designs",Strategy,"ESRB - K-A (US / Canada)","March 29 1996",http://vgcollect.com/images/front-box-art/7971.jpg
segasaturn,"Dragon Force (Red Dragon Disc Art)","Sega Enterprises Ltd.","Working Designs",Strategy,"ESRB - K-A (US / Canada)","March 29 1996",http://vgcollect.com/images/front-box-art/16042.jpg
segasaturn,"Dragon Force (Wein & Teiris Disc Art)","Sega Enterprises Ltd.","Working Designs",Strategy,"ESRB - K-A (US / Canada)","March 29 1996",http://vgcollect.com/images/front-box-art/16041.jpg
segasaturn,"DragonHeart - Fire & Steel",Funcom,Acclaim,Platformer,NA,1996,http://vgcollect.com/images/front-box-art/7972.jpg
segasaturn,"Duke Nukem 3D","Lobotomy Software","Deep Water","First-person Shooter","ESRB - M (US / Canada)","October 31 1997",http://vgcollect.com/images/front-box-art/7973.jpg
segasaturn,"Earthworm Jim 2","Screaming Pink","Playmates Interactive Entertainment",Platformer,"ESRB - K-A (US / Canada)","October 31 1996",http://vgcollect.com/images/front-box-art/7974.jpg
segasaturn,"Enemy Zero",Warp,"Sega of America, Inc.","Survival Horror","ESRB - T (US / Canada)","October 31 1997",http://vgcollect.com/images/front-box-art/7975.jpg
segasaturn,"F1 Challenge","Bell Corporation","Virgin Interactive",Racing,"ESRB - K-A (US / Canada)",1996,http://vgcollect.com/images/front-box-art/7976.jpg
segasaturn,"FIFA Road to World Cup 98",NA,NA,Sports,"ESRB - K-A (US / Canada)","December 31 1997",http://vgcollect.com/images/front-box-art/7977.jpg
segasaturn,"FIFA Soccer 96","Probe Entertainment","Electronic Arts",Sports,"ESRB - K-A (US / Canada)","September 29 1995",http://vgcollect.com/images/front-box-art/7978.jpg
segasaturn,"FIFA Soccer 97",NA,NA,Sports,NA,NA,http://vgcollect.com/images/front-box-art/7979.jpg
segasaturn,"Fighters Megamix","Sega AM2",Sega,Fighting,"ESRB - T (US / Canada)","April 30 1997",http://vgcollect.com/images/front-box-art/7980.jpg
segasaturn,"Fighting Vipers","Sega AM2",Sega,Fighting,"ESRB - T (US / Canada)","November 30 1996",http://vgcollect.com/images/front-box-art/7981.jpg
segasaturn,"Frank Thomas Big Hurt Baseball","Iguana Entertainment",Acclaim,Sports,"ESRB - K-A (US / Canada)",1996,http://vgcollect.com/images/front-box-art/7982.jpg
segasaturn,"Galactic Attack",Ving,Acclaim,"Shoot 'Em Up","ESRB - K-A (US / Canada)",1995,http://vgcollect.com/images/front-box-art/7983.jpg
segasaturn,"Galaxy Fight",NA,NA,Fighting,NA,NA,http://vgcollect.com/images/front-box-art/7984.jpg
segasaturn,Gex,"Crystal Dynamics Inc.","Eidos Interactive",Platformer,"ESRB - K-A (US / Canada)",1996,http://vgcollect.com/images/front-box-art/7985.jpg
segasaturn,"Ghen War","Jumpin' Jack Software",Sega,"First-person Shooter","ESRB - K-A (US / Canada)",1995,http://vgcollect.com/images/front-box-art/7986.jpg
segasaturn,"Golden Axe: The Duel",Sega,NA,Fighting,"ESRB - T (US / Canada)","June 27 1996",http://vgcollect.com/images/front-box-art/7987.jpg
segasaturn,"Grand Slam",Burst,"Virgin Interactive Entertainment, Inc.",Sports,"ESRB - K-A (US / Canada)",NA,http://vgcollect.com/images/front-box-art/7988.jpg
segasaturn,"Grid Runner","Radical Entertainment","Virgin Interactive",NA,"ESRB - K-A (US / Canada)","November 30 1996",http://vgcollect.com/images/front-box-art/7989.jpg
segasaturn,"Guardian Heroes",Treasure,"Sega of America, Inc.",Action,"ESRB - T (US / Canada)","January 25 1996",http://vgcollect.com/images/front-box-art/7990.jpg
segasaturn,Gungriffon,NA,NA,NA,NA,NA,http://vgcollect.com/images/front-box-art/7991.jpg
segasaturn,"Hang-On GP","Sega AM2",Sega,Racing,"ESRB - K-A (US / Canada)",1996,http://vgcollect.com/images/front-box-art/7992.jpg
segasaturn,"Heir of Zendor: The Legend and The Land",Micronet,"KOEI Co., Ltd.",Strategy,"ESRB - E (US / Canada)","November 30 1996",http://vgcollect.com/images/front-box-art/7993.jpg
segasaturn,"Herc's Adventures","Big Ape Productions",LucasArts,Adventure,"ESRB - K-A (US / Canada)","July 31 1997",http://vgcollect.com/images/front-box-art/7994.jpg
segasaturn,Hexen,"id Software","id Software / GT Interactive","First-person Shooter",NA,NA,http://vgcollect.com/images/front-box-art/7995.jpg
segasaturn,"Hi-Octane - The Track Fights Back!","Bullfrog Productions LTD","Bullfrog Productions",Racing,"ESRB - K-A (US / Canada)",1995,http://vgcollect.com/images/front-box-art/7996.jpg
segasaturn,"High Velocity - Mountain Racing Challenge",Cave,"Atlus Co.",Racing,"ESRB - K-A (US / Canada)",1996,http://vgcollect.com/images/front-box-art/7997.jpg
segasaturn,"Highway 2000","Genki Co. Ltd.",Natsume,Racing,"ESRB - K-A (US / Canada)",1996,http://vgcollect.com/images/front-box-art/7998.jpg
segasaturn,"Horde, The",NA,NA,NA,NA,NA,http://vgcollect.com/images/front-box-art/8116.jpg
segasaturn,"House of the Dead, The",NA,NA,"Light Gun Shooter",NA,NA,http://vgcollect.com/images/front-box-art/8117.jpg
segasaturn,"Hyper 3-D Pinball","NMS Software","Virgin Interactive Entertainment, Inc.",Other,"ESRB - K-A (US / Canada)",1996,http://vgcollect.com/images/front-box-art/7999.jpg
segasaturn,"Impact Racing",Funcom,Acclaim,Racing,"ESRB - K-A (US / Canada)",1996,http://vgcollect.com/images/front-box-art/8000.jpg
segasaturn,"In The Hunt",Xing,"Kokopeli Digital Studios",Action,"ESRB - K-A (US / Canada)",1996,http://vgcollect.com/images/front-box-art/8001.jpg
segasaturn,"Incredible Hulk, The: The Pantheon Saga","Core Design Ltd.","Eidos Interactive",Action,"ESRB - K-A (US / Canada)",1997,http://vgcollect.com/images/front-box-art/8118.jpg
segasaturn,"Independence Day","Radical Entertainment","FOX Interactive","Flight Simulator","ESRB - K-A (US / Canada)","February 28 1997",http://vgcollect.com/images/front-box-art/8002.jpg
segasaturn,"Iron Man X-O Manowar in Heavy Metal",NA,NA,NA,NA,1996,http://vgcollect.com/images/front-box-art/8003.jpg
segasaturn,"Iron Storm","Systemsoft Alpha","Working Designs",Strategy,"ESRB - K-A (US / Canada)","May 18 1996",http://vgcollect.com/images/front-box-art/8004.jpg
segasaturn,"Johnny Bazookatone",NA,NA,NA,NA,NA,http://vgcollect.com/images/front-box-art/8005.jpg
segasaturn,"Last Bronx","Sega AM3",Sega,Fighting,"ESRB - T (US / Canada)","September 30 1997",http://vgcollect.com/images/front-box-art/8006.jpg
segasaturn,"Last Gladiators - Digital Pinball",KAZe,"Time Warner Interactive",Other,"ESRB - K-A (US / Canada)",1996,http://vgcollect.com/images/front-box-art/8007.jpg
segasaturn,"Legend of Oasis, The","Ancient Co. Ltd.",Sega,Adventure,"ESRB - K-A (US / Canada)","November 30 1996",http://vgcollect.com/images/front-box-art/8119.jpg
segasaturn,Loaded,"Gremlin Interactive",Interplay,"Shoot 'Em Up","ESRB - M (US / Canada)",1996,http://vgcollect.com/images/front-box-art/8008.jpg
segasaturn,"Lost & Found Vol. 1",NA,NA,NA,NA,NA,http://vgcollect.com/images/front-box-art/no_art.jpg
segasaturn,"Lost & Found Volume 2",NA,NA,NA,NA,NA,http://vgcollect.com/images/front-box-art/no_art.jpg
segasaturn,"Lost & Found Volume 3",NA,NA,NA,NA,NA,http://vgcollect.com/images/front-box-art/no_art.jpg
segasaturn,"Lost World, The: Jurassic Park","Appaloosa Interactive",Sega,Platformer,"ESRB - T (US / Canada)",1997,http://vgcollect.com/images/front-box-art/8120.jpg
segasaturn,Lunacy,"System Sacom","Atlus Co.",NA,NA,"May 31 1997",http://vgcollect.com/images/front-box-art/8012.jpg
segasaturn,"Machine Head","Core Design Ltd.","Edios Interactive","First-person Shooter","ESRB - K-A (US / Canada)","October 1996",http://vgcollect.com/images/front-box-art/8013.jpg
segasaturn,"Madden NFL 97","EA Tiburon","EA Sports",Sports,"ESRB - K-A (US / Canada)",1996,http://vgcollect.com/images/front-box-art/8014.jpg
segasaturn,"Madden NFL 98","EA Tiburon","EA Sports",Sports,"ESRB - K-A (US / Canada)",1997,http://vgcollect.com/images/front-box-art/8015.jpg
segasaturn,"Magic Carpet","Krisalis Software","Electronic Arts","First-person Shooter",NA,NA,http://vgcollect.com/images/front-box-art/8016.jpg
segasaturn,"Magic Knight Rayearth (Fuu Hououji Disc Art)","Sega Enterprises Ltd.","Working Designs",RPG,"ESRB - T (US / Canada)","December 14 1998",http://vgcollect.com/images/front-box-art/16046.jpg
segasaturn,"Magic Knight Rayearth (Hikaru Shidou Disc Art)","Sega Enterprises Ltd.","Working Designs",RPG,"ESRB - T (US / Canada)","December 14 1998",http://vgcollect.com/images/front-box-art/8017.jpg
segasaturn,"Magic Knight Rayearth (Umi Ryuuzaki Disc Art)","Sega Enterprises Ltd.","Working Designs",RPG,"ESRB - T (US / Canada)","December 14 1998",http://vgcollect.com/images/front-box-art/16045.jpg
segasaturn,"Mansion of Hidden Souls, The","System Sacom","Vic Tokai",Adventure,"ESRB - K-A (US / Canada)",1994,http://vgcollect.com/images/front-box-art/8121.jpg
segasaturn,"ManX TT Super Bike","Tantalus Interactive",Sega,Racing,"ESRB - K-A (US / Canada)","June 30 1997",http://vgcollect.com/images/front-box-art/8018.jpg
segasaturn,"Marvel Super Heroes",NA,NA,NA,NA,NA,http://vgcollect.com/images/front-box-art/8019.jpg
segasaturn,"Mass Destruction","NMS Software","ASC Games",Action,NA,"December 31 1997",http://vgcollect.com/images/front-box-art/8020.jpg
segasaturn,"Maximum Force","Tantalus Interactive",Midway,Action,"ESRB - M (US / Canada)","September 30 1997",http://vgcollect.com/images/front-box-art/8021.jpg
segasaturn,"MechWarrior 2: 31st Century Combat","Quantum Factory",Activision,"First-person Shooter","ESRB - K-A (US / Canada)",1997,http://vgcollect.com/images/front-box-art/8022.jpg
segasaturn,"Mega Man 8: Anniversary - Collector's Edition","Capcom Co., Ltd.",Capcom,Platformer,"ESRB - K-A (US / Canada)","February 28 1997",http://vgcollect.com/images/front-box-art/8023.jpg
segasaturn,"Mega Man X4",NA,NA,NA,NA,NA,http://vgcollect.com/images/front-box-art/8024.jpg
segasaturn,"Midway Presents Arcade's Greatest Hits",NA,NA,Classic,NA,NA,http://vgcollect.com/images/front-box-art/7912.jpg
segasaturn,"Mighty Hits",NA,NA,"Light Gun Shooter",NA,NA,http://vgcollect.com/images/front-box-art/70466.jpg
segasaturn,"Mighty Morphin' Power Rangers",NA,NA,NA,NA,NA,http://vgcollect.com/images/front-box-art/no_art.jpg
segasaturn,"Minnesota Fats: Pool Legend","Data East Corporation","Data East USA",Sports,"ESRB - K-A (US / Canada)",NA,http://vgcollect.com/images/front-box-art/8025.jpg
segasaturn,"Mortal Kombat II",Midway,Acclaim,Fighting,"ESRB - M (US / Canada)",1996,http://vgcollect.com/images/front-box-art/8026.jpg
segasaturn,"Mortal Kombat Trilogy",Midway,Midway,Fighting,"ESRB - M (US / Canada)",NA,http://vgcollect.com/images/front-box-art/8027.jpg
segasaturn,"Mr. Bones","Zono Incorporated","Sega/Angelsoft Studios",Platformer,"ESRB - K-A (US / Canada)","September 30 1996",http://vgcollect.com/images/front-box-art/8028.jpg
segasaturn,Myst,Cyan,Sunsoft,Adventure,"ESRB - K-A (US / Canada)",1995,http://vgcollect.com/images/front-box-art/8029.jpg
segasaturn,"Mystaria: The Realms of Lore","Sega Enterprises Ltd.",Sega,Strategy,"ESRB - K-A (US / Canada)",1996,http://vgcollect.com/images/front-box-art/8030.jpg
segasaturn,"NASCAR 98","EA Sports","Electronic Arts",Racing,"ESRB - K-A (US / Canada)","August 31 1997",http://vgcollect.com/images/front-box-art/8031.jpg
segasaturn,"NBA Action",NA,NA,NA,NA,NA,http://vgcollect.com/images/front-box-art/8032.jpg
segasaturn,"NBA Action 98","Visual Concepts",Sega,Sports,"ESRB - K-A (US / Canada)","October 31 1997",http://vgcollect.com/images/front-box-art/8033.jpg
segasaturn,"NBA Jam Extreme","Sculptured Software",Acclaim,NA,NA,"November 30 1996",http://vgcollect.com/images/front-box-art/8034.jpg
segasaturn,"NBA Jam: Tournament Edition",Midway,Midway,Sports,"ESRB - K-A (US / Canada)",1995,http://vgcollect.com/images/front-box-art/8035.jpg
segasaturn,"NBA Live 97","Realtime Associates","EA Sports",Sports,"ESRB - K-A (US / Canada)",1997,http://vgcollect.com/images/front-box-art/8036.jpg
segasaturn,"NBA Live 98","Realtime Associates","Electronic Arts",Sports,"ESRB - K-A (US / Canada)",1997,http://vgcollect.com/images/front-box-art/8037.jpg
segasaturn,"NFL '97",Gametek,Sega,Sports,"ESRB - K-A (US / Canada)",1996,http://vgcollect.com/images/front-box-art/8041.jpg
segasaturn,"NFL Quarterback Club '96","Acclaim Entertainment","Acclaim Entertainment",Sports,"ESRB - K-A (US / Canada)","January 16 1996",http://vgcollect.com/images/front-box-art/8042.jpg
segasaturn,"NFL Quarterback Club '97","Iguana Entertainment",Acclaim,Sports,"ESRB - K-A (US / Canada)",1996,http://vgcollect.com/images/front-box-art/8043.jpg
segasaturn,"NHL 97",NA,"EA Sports",Sports,"ESRB - K-A (US / Canada)",NA,http://vgcollect.com/images/front-box-art/8044.jpg
segasaturn,"NHL 98","EA Canada","EA Sports",Sports,NA,1997,http://vgcollect.com/images/front-box-art/8045.jpg
segasaturn,"NHL All-Star Hockey","Gray Matter Interactive",Sega,Sports,None,1995,http://vgcollect.com/images/front-box-art/8046.jpg
segasaturn,"NHL All-Star Hockey 98",NA,NA,Sports,NA,NA,http://vgcollect.com/images/front-box-art/8047.jpg
segasaturn,"NHL Powerplay '96","Radical Entertainment","Virgin Interactive",Sports,"ESRB - K-A (US / Canada)",1996,http://vgcollect.com/images/front-box-art/8048.jpg
segasaturn,"Night Warriors: Darkstalkers' Revenge","Capcom Co., Ltd.",Capcom,Fighting,"ESRB - T (US / Canada)","February 22 1996",http://vgcollect.com/images/front-box-art/8049.jpg
segasaturn,"Nights Into Dreams (Not For Resale)",NA,NA,NA,NA,NA,http://vgcollect.com/images/front-box-art/40250.jpg
segasaturn,"NiGHTS Into Dreams...","Sonic Team",Sega,NA,"ESRB - K-A (US / Canada)","August 31 1996",http://vgcollect.com/images/front-box-art/8050.jpg
segasaturn,"NiGHTS Into Dreams... - 3D Control Pad Bundle","Sonic Team",Sega,Platformer,"ESRB - K-A (US / Canada)","August 31 1996",http://vgcollect.com/images/front-box-art/8051.jpg
segasaturn,"Norse by Norsewest: The Return of The Lost Vikings","Beam Software",Interplay,Puzzle,"ESRB - K-A (US / Canada)",1997,http://vgcollect.com/images/front-box-art/8052.jpg
segasaturn,"Off-World Interceptor Extreme","Crystal Dynamics Inc.","Crystal Dynamics",Racing,"ESRB - M (US / Canada)",1995,http://vgcollect.com/images/front-box-art/8053.jpg
segasaturn,"Olympic Soccer: Atlanta 1996","Silicon Dream","U.S. Gold",Sports,"ESRB - K-A (US / Canada)",1996,http://vgcollect.com/images/front-box-art/8054.jpg
segasaturn,"P.T.O. II - Pacific Theater of Operations II",NA,NA,NA,NA,NA,http://vgcollect.com/images/front-box-art/8055.jpg
segasaturn,Pandemonium!,"Toys for Bob","Crystal Dynamics",Platformer,"ESRB - K-A (US / Canada)",1997,http://vgcollect.com/images/front-box-art/8056.jpg
segasaturn,"Panzer Dragoon","Team Andromeda",Sega,"Shoot 'Em Up","ESRB - K-A (US / Canada)","May 11 1995",http://vgcollect.com/images/front-box-art/8057.jpg
segasaturn,"Panzer Dragoon II Zwei","Team Andromeda",Sega,"Shoot 'Em Up","ESRB - K-A (US / Canada)",1996,http://vgcollect.com/images/front-box-art/8059.jpg
segasaturn,"Panzer Dragoon Saga","Team Andromeda","Sega of America, Inc.",RPG,"ESRB - T (US / Canada)","April 30 1998",http://vgcollect.com/images/front-box-art/8058.jpg
segasaturn,"Pebble Beach Golf Links","T&E Soft",Sega,Sports,"ESRB - K-A (US / Canada)",1995,http://vgcollect.com/images/front-box-art/8060.jpg
segasaturn,"PGA Tour 97",NA,"EA Sports",Sports,"ESRB - K-A (US / Canada)",1996,http://vgcollect.com/images/front-box-art/8061.jpg
segasaturn,Powerslave,NA,NA,NA,NA,NA,http://vgcollect.com/images/front-box-art/8062.jpg
segasaturn,"Primal Rage",NA,NA,Fighting,NA,NA,http://vgcollect.com/images/front-box-art/8063.jpg
segasaturn,Pro-Pinball,"Cunning Developments",Interplay,Arcade,"ESRB - K-A (US / Canada)","November 30 1996",http://vgcollect.com/images/front-box-art/8064.jpg
segasaturn,Quake,"Lobotomy Software",Sega,"First-person Shooter","ESRB - M (US / Canada)","October 31 1997",http://vgcollect.com/images/front-box-art/8065.jpg
segasaturn,"Quarterback Attack","Digital Pictures","Digital Pictures",Sports,"ESRB - K-A (US / Canada)",1995,http://vgcollect.com/images/front-box-art/8066.jpg
segasaturn,"Rampage World Tour","Point of View","Midway Games",Action,"ESRB - T (US / Canada)","November 26 1997",http://vgcollect.com/images/front-box-art/8067.jpg
segasaturn,Rayman,"Ubisoft Montpellier",Ubisoft,Platformer,"ESRB - K-A (US / Canada)",NA,http://vgcollect.com/images/front-box-art/8068.jpg
segasaturn,"Resident Evil",NexTech,Capcom,"Survival Horror","ESRB - M (US / Canada)","August 31 1997",http://vgcollect.com/images/front-box-art/8069.jpg
segasaturn,"Resurrection: Rise 2",Mirage,Acclaim,Fighting,"ESRB - T (US / Canada)",1996,http://vgcollect.com/images/front-box-art/8070.jpg
segasaturn,"Revolution X - Music is the Weapon",NA,NA,NA,NA,NA,http://vgcollect.com/images/front-box-art/8071.jpg
segasaturn,"Road & Track Presents: The Need For Speed",NA,"Electronic Arts",Racing,"ESRB - K-A (US / Canada)",1996,http://vgcollect.com/images/front-box-art/8072.jpg
segasaturn,"Road Rash",EA,"Electronic Arts",Racing,"ESRB - K-A (US / Canada)",1996,http://vgcollect.com/images/front-box-art/8073.jpg
segasaturn,"Robo Pit",Altron,"Kokopeli Digital Studios",Fighting,"ESRB - T (US / Canada)",1996,http://vgcollect.com/images/front-box-art/8074.jpg
segasaturn,Robotica,Micronet,Acclaim,"First-person Shooter","ESRB - T (US / Canada)",1995,http://vgcollect.com/images/front-box-art/8075.jpg
segasaturn,"Romance of the Three Kingdoms IV: Wall of Fire",Koei,Koei,Strategy,"ESRB - K-A (US / Canada)",1995,http://vgcollect.com/images/front-box-art/8076.jpg
segasaturn,"Saturn Bomberman",NA,NA,NA,NA,NA,http://vgcollect.com/images/front-box-art/8077.jpg
segasaturn,Scorcher,Zyrinx,Sega,Racing,"ESRB - K-A (US / Canada)","November 30 1996",http://vgcollect.com/images/front-box-art/8078.jpg
segasaturn,"Scud: The Disposable Assassin","Syrox Developments",SegaSoft,"Shoot 'Em Up","ESRB - T (US / Canada)","February 28 1997",http://vgcollect.com/images/front-box-art/8079.jpg
segasaturn,"Sega Ages","Sega Enterprises Ltd.","Working Designs",Arcade,"ESRB - K-A (US / Canada)",1997,http://vgcollect.com/images/front-box-art/8080.jpg
segasaturn,"Sega Rally Championship","Sega AM3",Sega,Racing,"ESRB - K-A (US / Canada)",1995,http://vgcollect.com/images/front-box-art/8081.jpg
segasaturn,"Sega Rally Championship Plus - Netlink Edition","Sega AM3",Sega,Racing,"ESRB - K-A (US / Canada)",1998,http://vgcollect.com/images/front-box-art/8082.jpg
segasaturn,"Sega Saturn Model 1 Control Pad",NA,NA,NA,NA,NA,http://vgcollect.com/images/front-box-art/no_art.jpg
segasaturn,"Sega Touring Car Championship","Sega AM3",Sega,NA,NA,1998,http://vgcollect.com/images/front-box-art/8083.jpg
segasaturn,"Sega Worldwide Soccer '97",NA,NA,Sports,"ESRB - K-A (US / Canada)",NA,http://vgcollect.com/images/front-box-art/8084.jpg
segasaturn,"Sega Worldwide Soccer '98",Sega,Sega,Sports,"ESRB - K-A (US / Canada)",1998,http://vgcollect.com/images/front-box-art/8158.jpg
segasaturn,"Shanghai: Triple-Threat",Activision,Activision,Strategy,"ESRB - K-A (US / Canada)",NA,http://vgcollect.com/images/front-box-art/8085.jpg
segasaturn,ShellShock,"Core Design Ltd.","U.S. Gold",NA,NA,1995,http://vgcollect.com/images/front-box-art/8086.jpg
segasaturn,"Shining Force III","Camelot Software Planning","Sega of America, Inc.",Strategy,"ESRB - T (US / Canada)","August 1998",http://vgcollect.com/images/front-box-art/8087.jpg
segasaturn,"Shining the Holy Ark","Sonic! Software Planning","Sega of America, Inc.",RPG,"ESRB - K-A (US / Canada)","June 30 1997",http://vgcollect.com/images/front-box-art/8088.jpg
segasaturn,"Shining Wisdom","Sonic! Software Planning","Working Designs",RPG,"ESRB - K-A (US / Canada)","June 26 1996",http://vgcollect.com/images/front-box-art/8089.jpg
segasaturn,"Shinobi Legions",NA,NA,NA,NA,NA,http://vgcollect.com/images/front-box-art/8090.jpg
segasaturn,"Shockwave Assault","Paradox Development","Electronic Arts","Flight Simulator","ESRB - K-A (US / Canada)",1996,http://vgcollect.com/images/front-box-art/8091.jpg
segasaturn,"SimCity 2000",Maxis,Maxis,Simulation,"ESRB - K-A (US / Canada)",1995,http://vgcollect.com/images/front-box-art/8092.jpg
segasaturn,"Skeleton Warriors",Neversoft,"Playmates Interactive Entertainment",Action,"ESRB - K-A (US / Canada)","November 1995",http://vgcollect.com/images/front-box-art/8093.jpg
segasaturn,"Sky Target","Appaloosa Interactive",Sega,Action,"ESRB - K-A (US / Canada)","June 1 1997",http://vgcollect.com/images/front-box-art/8094.jpg
segasaturn,"Slam 'n Jam '96 featuring Magic & Kareem Signature Edition","Left Field Productions","Crystal Dynamics",Sports,"ESRB - K-A (US / Canada)","August 9 1996",http://vgcollect.com/images/front-box-art/8095.jpg
segasaturn,"Solar Eclipse","Crystal Dynamics Inc.","Crystal Dynamics","Flight Simulator","ESRB - T (US / Canada)",1994,http://vgcollect.com/images/front-box-art/8096.jpg
segasaturn,"Sonic 3D Blast","Traveller's Tales",Sega,Action,"ESRB - K-A (US / Canada)","November 30 1996",http://vgcollect.com/images/front-box-art/8097.jpg
segasaturn,"Sonic Jam","Sonic Team",Sega,Platformer,"ESRB - K-A (US / Canada)","June 20 1997",http://vgcollect.com/images/front-box-art/8098.jpg
segasaturn,"Sonic R","Traveller's Tales",Sega,Racing,"ESRB - K-A (US / Canada)","October 27 1997",http://vgcollect.com/images/front-box-art/8099.jpg
segasaturn,"Soviet Strike",EA,"Electronic Arts","Shoot 'Em Up","ESRB - T (US / Canada)","November 1 1996",http://vgcollect.com/images/front-box-art/8100.jpg
segasaturn,"Space Hulk: Vengeance of the Blood Angels","Krisalis Software Ltd","Electronic Arts","First-person Shooter","ESRB - T (US / Canada)",1996,http://vgcollect.com/images/front-box-art/8101.jpg
segasaturn,"Space Jam","Sculptured Software",Acclaim,Sports,"ESRB - K-A (US / Canada)",1996,http://vgcollect.com/images/front-box-art/8102.jpg
segasaturn,"Spot Goes to Hollywood",Burst,"Virgin Interactive",Platformer,"ESRB - K-A (US / Canada)","November 30 1996",http://vgcollect.com/images/front-box-art/8103.jpg
segasaturn,"Star Fighter","Krisalis Software",Acclaim,"Shoot 'Em Up","ESRB - K-A (US / Canada)",1996,http://vgcollect.com/images/front-box-art/8104.jpg
segasaturn,"Steep Slope Sliders",NA,NA,NA,NA,NA,http://vgcollect.com/images/front-box-art/8105.jpg
segasaturn,"Street Fighter Alpha",NA,NA,Fighting,NA,NA,http://vgcollect.com/images/front-box-art/no_art.jpg
segasaturn,"Street Fighter Alpha 2",NA,NA,NA,NA,NA,http://vgcollect.com/images/front-box-art/8107.jpg
segasaturn,"Street Fighter Alpha: Warriors' Dreams","Capcom Co., Ltd.",Capcom,Fighting,NA,NA,http://vgcollect.com/images/front-box-art/8106.jpg
segasaturn,"Street Fighter Collection","Capcom Co., Ltd.",Capcom,Fighting,"ESRB - T (US / Canada)","November 30 1997",http://vgcollect.com/images/front-box-art/8108.jpg
segasaturn,"Street Fighter: The Movie","Capcom Co., Ltd.",Capcom,Fighting,NA,NA,http://vgcollect.com/images/front-box-art/8109.jpg
segasaturn,"Striker '96",NA,NA,NA,NA,NA,http://vgcollect.com/images/front-box-art/8110.jpg
segasaturn,"Super Puzzle Fighter II Turbo",NA,NA,NA,NA,NA,http://vgcollect.com/images/front-box-art/8111.jpg
segasaturn,"Tempest 2000",NA,NA,Arcade,"ESRB - K-A (US / Canada)",NA,http://vgcollect.com/images/front-box-art/8112.jpg
segasaturn,"Ten Pin Alley","Adrenalin Entertainment","ASC Games",Sports,"ESRB - K-A (US / Canada)",1997,http://vgcollect.com/images/front-box-art/8113.jpg
segasaturn,"Tetris Plus",Natsume,Jaleco,Puzzle,"ESRB - K-A (US / Canada)",1996,http://vgcollect.com/images/front-box-art/8114.jpg
segasaturn,"Theme Park","Krisalis Software Ltd","Electronic Arts",Strategy,"ESRB - E (US / Canada)",1995,http://vgcollect.com/images/front-box-art/8122.jpg
segasaturn,"Three Dirty Dwarves",NA,NA,NA,NA,NA,http://vgcollect.com/images/front-box-art/8123.jpg
segasaturn,"Thunderstrike 2","Core Design Ltd.","U.S. Gold","Flight Simulator","ESRB - K-A (US / Canada)",1994,http://vgcollect.com/images/front-box-art/8124.jpg
segasaturn,"TNN Motor Sports Hardcore 4X4","Gremlin Interactive","ASC Games",NA,NA,1996,http://vgcollect.com/images/front-box-art/8126.jpg
segasaturn,"Tomb Raider","Core Design Ltd.","Edios Interactive",Adventure,"ESRB - T (US / Canada)","November 22 1996",http://vgcollect.com/images/front-box-art/8127.jpg
segasaturn,"True Pinball","Digital Illusions CE",Ocean,Arcade,"ESRB - K-A (US / Canada)","October 31 1996",http://vgcollect.com/images/front-box-art/8128.jpg
segasaturn,"Tunnel B1",Neon,Acclaim,"First-person Shooter","ESRB - K-A (US / Canada)","January 15 1997",http://vgcollect.com/images/front-box-art/8129.jpg
segasaturn,"Ultimate Mortal Kombat 3","Eurocom Entertainment Software",Williams,Fighting,"ESRB - M (US / Canada)",1996,http://vgcollect.com/images/front-box-art/8130.jpg
segasaturn,"Valora Valley Golf","T&E Soft","Vic Tokai",Sports,"ESRB - K-A (US / Canada)",1996,http://vgcollect.com/images/front-box-art/8131.jpg
segasaturn,"Virtua Cop","Sega AM2",Sega,"Light Gun Shooter","ESRB - T (US / Canada)",1995,http://vgcollect.com/images/front-box-art/8132.jpg
segasaturn,"Virtua Cop - Stunner Bundle","Sega AM2",Sega,"Light Gun Shooter","ESRB - T (US / Canada)",1995,http://vgcollect.com/images/front-box-art/8133.jpg
segasaturn,"Virtua Cop (Not For Resale)",NA,NA,NA,NA,NA,http://vgcollect.com/images/front-box-art/66317.jpg
segasaturn,"Virtua Cop 2","Sega AM2",Sega,"Light Gun Shooter","ESRB - T (US / Canada)","November 30 1996",http://vgcollect.com/images/front-box-art/8134.jpg
segasaturn,"Virtua Cop 2 - Stunner Bundle","Sega AM2",Sega,"Shoot 'Em Up","ESRB - T (US / Canada)",1996,http://vgcollect.com/images/front-box-art/8135.jpg
segasaturn,"Virtua Fighter","Sega Enterprises Ltd.",Sega,Fighting,"ESRB - T (US / Canada)","May 11 1995",http://vgcollect.com/images/front-box-art/8136.jpg
segasaturn,"Virtua Fighter 2",NA,NA,NA,NA,NA,http://vgcollect.com/images/front-box-art/8137.jpg
segasaturn,"Virtua Fighter 2 - Not For Resale",NA,NA,Fighting,NA,NA,http://vgcollect.com/images/front-box-art/68225.jpg
segasaturn,"Virtua Fighter Kids","Sega AM2",Sega,Fighting,"ESRB - T (US / Canada)","July 31 1996",http://vgcollect.com/images/front-box-art/8138.jpg
segasaturn,"Virtua Fighter Remix (Blue Disc)","Sega AM1",Sega,Fighting,"ESRB - T (US / Canada)",1995,http://vgcollect.com/images/front-box-art/8139.jpg
segasaturn,"Virtua Fighter Remix (Jewel Case, Blue Disc, Not for Resale)","Sega AM1",Sega,Fighting,"ESRB - T (US / Canada)",1995,http://vgcollect.com/images/front-box-art/38077.jpg
segasaturn,"Virtua Fighter Remix (Paper Sleeve Not For Resale or Rental Promotional Copy)","Sega Enterprises Ltd.",Sega,Fighting,"ESRB - T (US / Canada)",1995,http://vgcollect.com/images/front-box-art/12868.jpg
segasaturn,"Virtua Fighter Remix (Purple Disc)","Sega AM2",Sega,Fighting,NA,1995,http://vgcollect.com/images/front-box-art/8140.jpg
segasaturn,"Virtua Racing","Time Warner Interactive",Sega,Racing,"ESRB - K-A (US / Canada)",1995,http://vgcollect.com/images/front-box-art/19300.jpg
segasaturn,"Virtual Casino",Natsume,Natsume,Simulation,"ESRB - T (US / Canada)",1996,http://vgcollect.com/images/front-box-art/8141.jpg
segasaturn,"Virtual Hydlide","Technology and Entertainment Software",Atlus,RPG,"ESRB - K-A (US / Canada)","April 28 1995",http://vgcollect.com/images/front-box-art/8142.jpg
segasaturn,"Virtual On: Cyber Troopers - NetLink Edition",NA,Sega,NA,"ESRB - K-A (US / Canada)",1998,http://vgcollect.com/images/front-box-art/16059.jpg
segasaturn,"Virtual Open Tennis","Arc System Works",Acclaim,Sports,"ESRB - K-A (US / Canada)",1996,http://vgcollect.com/images/front-box-art/8143.jpg
segasaturn,"Virtual-On: Cyber Troopers",CRI,Sega,Fighting,"ESRB - K-A (US / Canada)","November 30 1996",http://vgcollect.com/images/front-box-art/8144.jpg
segasaturn,"VR Golf '97","Gremlin Interactive",Interplay,Sports,"ESRB - K-A (US / Canada)",1996,http://vgcollect.com/images/front-box-art/8146.jpg
segasaturn,"VR Soccer","Gremlin Interactive","VR Sports",Sports,"ESRB - K-A (US / Canada)","November 30 1996",http://vgcollect.com/images/front-box-art/8147.jpg
segasaturn,"Warcraft II: The Dark Saga","Blizzard Entertainment","Electronic Arts",Strategy,"ESRB - T (US / Canada)","August 31 1997",http://vgcollect.com/images/front-box-art/8148.jpg
segasaturn,"Wing Arms",Sega,Sega,Simulation,"ESRB - K-A (US / Canada)",1995,http://vgcollect.com/images/front-box-art/8149.jpg
segasaturn,"Winning Post","KOEI Corporation","KOEI Corporation",Sports,"ESRB - K-A (US / Canada)",1996,http://vgcollect.com/images/front-box-art/8150.jpg
segasaturn,"Winter Heat",NA,NA,NA,NA,NA,http://vgcollect.com/images/front-box-art/8151.jpg
segasaturn,Wipeout,Psygnosis,"Soft Bank",Racing,"ESRB - K-A (US / Canada)",1996,http://vgcollect.com/images/front-box-art/8152.jpg
segasaturn,"World Cup Golf: Professional Edition","Arc Developments","Soft Vision International",Sports,"ESRB - K-A (US / Canada)",1996,http://vgcollect.com/images/front-box-art/8153.jpg
segasaturn,"World Series Baseball",NA,NA,Sports,NA,NA,http://vgcollect.com/images/front-box-art/8154.jpg
segasaturn,"World Series Baseball '98",Sega,Sega,Sports,"ESRB - K-A (US / Canada)",1997,http://vgcollect.com/images/front-box-art/8155.jpg
segasaturn,"World Series Baseball II",Sega,"Sega Sports",Sports,"ESRB - K-A (US / Canada)","July 31 1996",http://vgcollect.com/images/front-box-art/8156.jpg
segasaturn,"Worldwide Soccer: Sega International Victory Goal Edition","Sega AM6",Sega,Sports,"ESRB - K-A (US / Canada)",1995,http://vgcollect.com/images/front-box-art/8157.jpg
segasaturn,Worms,"Team 17",Ocean,Strategy,"ESRB - K-A (US / Canada)",1997,http://vgcollect.com/images/front-box-art/8159.jpg
segasaturn,"WWF In Your House","Acclaim Entertainment",Acclaim,Fighting,"ESRB - K-A (US / Canada)",1996,http://vgcollect.com/images/front-box-art/8160.jpg
segasaturn,"WWF Wrestlemania: The Arcade Game",NA,NA,NA,"ESRB - K-A (US / Canada)",1996,http://vgcollect.com/images/front-box-art/8161.jpg
segasaturn,"X-Men: Children of the Atom",NA,NA,NA,NA,NA,http://vgcollect.com/images/front-box-art/8162.jpg
